{"cameraMode":{"drawMode":0,"name":"Shaded","section":"Shading Mode"},"sceneLighting":true,"audioPlay":false,"sceneViewState":{"m_AlwaysRefresh":false,"showFog":true,"showSkybox":true,"showFlares":true,"showImageEffects":true,"showParticleSystems":true,"showVisualEffectGraphs":true,"m_FxEnabled":true},"in2DMode":false,"pivot":{"x":59.75081253051758,"y":2.8510689735412599,"z":0.8434587121009827},"rotation":{"x":0.2789015769958496,"y":-0.4873652160167694,"z":0.16775384545326234,"w":0.8102874159812927},"size":1.9986658096313477,"orthographic":false}