{"cameraMode":{"drawMode":0,"name":"Shaded","section":"Shading Mode"},"sceneLighting":false,"audioPlay":false,"sceneViewState":{"m_AlwaysRefresh":false,"showFog":false,"showSkybox":false,"showFlares":false,"showImageEffects":false,"showParticleSystems":false,"showVisualEffectGraphs":true,"m_FxEnabled":true},"in2DMode":false,"pivot":{"x":0.18911433219909669,"y":1.2918493747711182,"z":0.12506377696990968},"rotation":{"x":-0.0674712136387825,"y":0.9036551117897034,"z":-0.15494149923324586,"w":-0.3935079574584961},"size":2.7401797771453859,"orthographic":false}